[
  {
    "_id": "b7b8a350-3062-11e9-a22b-f101349ec9c3",
    "_type": "dashboard",
    "_source": {
      "title": "[Shell] UFW",
      "hits": 0,
      "description": "",
      "panelsJSON": "[{\"embeddableConfig\":{\"mapCenter\":[18.646245142670608,1.7578125000000002],\"mapZoom\":2},\"gridData\":{\"x\":10,\"y\":0,\"w\":23,\"h\":15,\"i\":\"1\"},\"panelIndex\":\"1\",\"version\":\"6.6.0\",\"panelRefName\":\"panel_0\"},{\"embeddableConfig\":{},\"gridData\":{\"x\":33,\"y\":0,\"w\":15,\"h\":15,\"i\":\"2\"},\"panelIndex\":\"2\",\"version\":\"6.6.0\",\"panelRefName\":\"panel_1\"},{\"embeddableConfig\":{},\"gridData\":{\"x\":24,\"y\":28,\"w\":24,\"h\":21,\"i\":\"3\"},\"panelIndex\":\"3\",\"version\":\"6.6.0\",\"panelRefName\":\"panel_2\"},{\"embeddableConfig\":{},\"gridData\":{\"x\":0,\"y\":40,\"w\":24,\"h\":24,\"i\":\"4\"},\"panelIndex\":\"4\",\"version\":\"6.6.0\",\"panelRefName\":\"panel_3\"},{\"embeddableConfig\":{},\"gridData\":{\"x\":0,\"y\":28,\"w\":24,\"h\":12,\"i\":\"5\"},\"panelIndex\":\"5\",\"version\":\"6.6.0\",\"panelRefName\":\"panel_4\"},{\"embeddableConfig\":{},\"gridData\":{\"x\":24,\"y\":49,\"w\":24,\"h\":30,\"i\":\"6\"},\"panelIndex\":\"6\",\"version\":\"6.6.0\",\"panelRefName\":\"panel_5\"},{\"embeddableConfig\":{},\"gridData\":{\"x\":0,\"y\":15,\"w\":48,\"h\":13,\"i\":\"7\"},\"panelIndex\":\"7\",\"version\":\"6.6.0\",\"panelRefName\":\"panel_6\"},{\"embeddableConfig\":{},\"gridData\":{\"x\":0,\"y\":64,\"w\":24,\"h\":15,\"i\":\"8\"},\"panelIndex\":\"8\",\"version\":\"6.6.0\",\"panelRefName\":\"panel_7\"},{\"embeddableConfig\":{},\"gridData\":{\"x\":0,\"y\":79,\"w\":48,\"h\":14,\"i\":\"9\"},\"panelIndex\":\"9\",\"version\":\"6.6.0\",\"panelRefName\":\"panel_8\"},{\"embeddableConfig\":{},\"gridData\":{\"x\":0,\"y\":0,\"w\":10,\"h\":15,\"i\":\"10\"},\"panelIndex\":\"10\",\"version\":\"6.6.0\",\"panelRefName\":\"panel_9\"}]",
      "optionsJSON": "{\"darkTheme\":false,\"hidePanelTitles\":false,\"useMargins\":true}",
      "version": 1,
      "timeRestore": false,
      "kibanaSavedObjectMeta": {
        "searchSourceJSON": "{\"query\":{\"language\":\"lucene\",\"query\":\"\"},\"filter\":[{\"$state\":{\"store\":\"appState\"},\"meta\":{\"alias\":null,\"disabled\":false,\"key\":\"source_ip\",\"negate\":true,\"params\":{\"query\":\"104.248.50.195\"},\"type\":\"phrase\",\"value\":\"104.248.50.195\",\"indexRefName\":\"kibanaSavedObjectMeta.searchSourceJSON.filter[0].meta.index\"},\"query\":{\"match\":{\"source_ip\":{\"query\":\"104.248.50.195\",\"type\":\"phrase\"}}}},{\"$state\":{\"store\":\"appState\"},\"meta\":{\"alias\":null,\"disabled\":false,\"key\":\"destination_port\",\"negate\":true,\"params\":{\"query\":\"2222\"},\"type\":\"phrase\",\"value\":\"2,222\",\"indexRefName\":\"kibanaSavedObjectMeta.searchSourceJSON.filter[1].meta.index\"},\"query\":{\"match\":{\"destination_port\":{\"query\":\"2222\",\"type\":\"phrase\"}}}}]}"
      }
    },
    "_migrationVersion": {
      "dashboard": "7.0.0"
    },
    "_references": [
      {
        "name": "kibanaSavedObjectMeta.searchSourceJSON.filter[0].meta.index",
        "type": "index-pattern",
        "id": "d4ad8a00-305f-11e9-a22b-f101349ec9c3"
      },
      {
        "name": "kibanaSavedObjectMeta.searchSourceJSON.filter[1].meta.index",
        "type": "index-pattern",
        "id": "4be97470-3372-11e9-997e-839d37c3a8b5"
      },
      {
        "name": "panel_0",
        "type": "visualization",
        "id": "35d8b8e0-3060-11e9-a22b-f101349ec9c3"
      },
      {
        "name": "panel_1",
        "type": "visualization",
        "id": "351222a0-3062-11e9-a22b-f101349ec9c3"
      },
      {
        "name": "panel_2",
        "type": "visualization",
        "id": "15662f10-3061-11e9-a22b-f101349ec9c3"
      },
      {
        "name": "panel_3",
        "type": "visualization",
        "id": "ab35bc50-3060-11e9-a22b-f101349ec9c3"
      },
      {
        "name": "panel_4",
        "type": "visualization",
        "id": "bb8d8b00-3060-11e9-a22b-f101349ec9c3"
      },
      {
        "name": "panel_5",
        "type": "search",
        "id": "5f642e40-3062-11e9-a22b-f101349ec9c3"
      },
      {
        "name": "panel_6",
        "type": "visualization",
        "id": "25e1ee90-3063-11e9-a22b-f101349ec9c3"
      },
      {
        "name": "panel_7",
        "type": "visualization",
        "id": "36b2c860-3064-11e9-a22b-f101349ec9c3"
      },
      {
        "name": "panel_8",
        "type": "visualization",
        "id": "956cdac0-3065-11e9-a22b-f101349ec9c3"
      },
      {
        "name": "panel_9",
        "type": "visualization",
        "id": "27648500-3065-11e9-a22b-f101349ec9c3"
      }
    ]
  },
  {
    "_id": "4be97470-3372-11e9-997e-839d37c3a8b5",
    "_type": "index-pattern",
    "_source": {
      "title": "ufw_logs",
      "timeFieldName": "@timestamp",
      "fields": "[{\"name\":\"@timestamp\",\"type\":\"date\",\"count\":0,\"scripted\":false,\"searchable\":true,\"aggregatable\":true,\"readFromDocValues\":true},{\"name\":\"_id\",\"type\":\"string\",\"count\":0,\"scripted\":false,\"searchable\":true,\"aggregatable\":true,\"readFromDocValues\":false},{\"name\":\"_index\",\"type\":\"string\",\"count\":0,\"scripted\":false,\"searchable\":true,\"aggregatable\":true,\"readFromDocValues\":false},{\"name\":\"_score\",\"type\":\"number\",\"count\":0,\"scripted\":false,\"searchable\":false,\"aggregatable\":false,\"readFromDocValues\":false},{\"name\":\"_source\",\"type\":\"_source\",\"count\":0,\"scripted\":false,\"searchable\":false,\"aggregatable\":false,\"readFromDocValues\":false},{\"name\":\"_type\",\"type\":\"string\",\"count\":0,\"scripted\":false,\"searchable\":true,\"aggregatable\":true,\"readFromDocValues\":false},{\"name\":\"action\",\"type\":\"string\",\"count\":0,\"scripted\":false,\"searchable\":true,\"aggregatable\":true,\"readFromDocValues\":true},{\"name\":\"destination_ip\",\"type\":\"ip\",\"count\":0,\"scripted\":false,\"searchable\":true,\"aggregatable\":true,\"readFromDocValues\":true},{\"name\":\"destination_port\",\"type\":\"number\",\"count\":0,\"scripted\":false,\"searchable\":true,\"aggregatable\":true,\"readFromDocValues\":true},{\"name\":\"geoip.asn\",\"type\":\"number\",\"count\":0,\"scripted\":false,\"searchable\":true,\"aggregatable\":true,\"readFromDocValues\":true},{\"name\":\"geoip.city_name\",\"type\":\"string\",\"count\":0,\"scripted\":false,\"searchable\":true,\"aggregatable\":false,\"readFromDocValues\":false},{\"name\":\"geoip.city_name.keyword\",\"type\":\"string\",\"count\":0,\"scripted\":false,\"searchable\":true,\"aggregatable\":true,\"readFromDocValues\":true},{\"name\":\"geoip.continent_name\",\"type\":\"string\",\"count\":0,\"scripted\":false,\"searchable\":true,\"aggregatable\":false,\"readFromDocValues\":false},{\"name\":\"geoip.continent_name.keyword\",\"type\":\"string\",\"count\":0,\"scripted\":false,\"searchable\":true,\"aggregatable\":true,\"readFromDocValues\":true},{\"name\":\"geoip.country_iso_code\",\"type\":\"string\",\"count\":0,\"scripted\":false,\"searchable\":true,\"aggregatable\":false,\"readFromDocValues\":false},{\"name\":\"geoip.country_iso_code.keyword\",\"type\":\"string\",\"count\":0,\"scripted\":false,\"searchable\":true,\"aggregatable\":true,\"readFromDocValues\":true},{\"name\":\"geoip.ip\",\"type\":\"string\",\"count\":0,\"scripted\":false,\"searchable\":true,\"aggregatable\":false,\"readFromDocValues\":false},{\"name\":\"geoip.ip.keyword\",\"type\":\"string\",\"count\":0,\"scripted\":false,\"searchable\":true,\"aggregatable\":true,\"readFromDocValues\":true},{\"name\":\"geoip.location\",\"type\":\"geo_point\",\"count\":0,\"scripted\":false,\"searchable\":true,\"aggregatable\":true,\"readFromDocValues\":true},{\"name\":\"geoip.organization_name\",\"type\":\"string\",\"count\":0,\"scripted\":false,\"searchable\":true,\"aggregatable\":false,\"readFromDocValues\":false},{\"name\":\"geoip.organization_name.keyword\",\"type\":\"string\",\"count\":0,\"scripted\":false,\"searchable\":true,\"aggregatable\":true,\"readFromDocValues\":true},{\"name\":\"geoip.region_iso_code\",\"type\":\"string\",\"count\":0,\"scripted\":false,\"searchable\":true,\"aggregatable\":false,\"readFromDocValues\":false},{\"name\":\"geoip.region_iso_code.keyword\",\"type\":\"string\",\"count\":0,\"scripted\":false,\"searchable\":true,\"aggregatable\":true,\"readFromDocValues\":true},{\"name\":\"geoip.region_name\",\"type\":\"string\",\"count\":0,\"scripted\":false,\"searchable\":true,\"aggregatable\":false,\"readFromDocValues\":false},{\"name\":\"geoip.region_name.keyword\",\"type\":\"string\",\"count\":0,\"scripted\":false,\"searchable\":true,\"aggregatable\":true,\"readFromDocValues\":true},{\"name\":\"in\",\"type\":\"string\",\"count\":0,\"scripted\":false,\"searchable\":true,\"aggregatable\":true,\"readFromDocValues\":true},{\"name\":\"length\",\"type\":\"number\",\"count\":0,\"scripted\":false,\"searchable\":true,\"aggregatable\":true,\"readFromDocValues\":true},{\"name\":\"logsource\",\"type\":\"string\",\"count\":0,\"scripted\":false,\"searchable\":true,\"aggregatable\":true,\"readFromDocValues\":true},{\"name\":\"mac\",\"type\":\"string\",\"count\":0,\"scripted\":false,\"searchable\":true,\"aggregatable\":true,\"readFromDocValues\":true},{\"name\":\"message\",\"type\":\"string\",\"count\":0,\"scripted\":false,\"searchable\":true,\"aggregatable\":false,\"readFromDocValues\":false},{\"name\":\"out\",\"type\":\"string\",\"count\":0,\"scripted\":false,\"searchable\":true,\"aggregatable\":true,\"readFromDocValues\":true},{\"name\":\"program\",\"type\":\"string\",\"count\":0,\"scripted\":false,\"searchable\":true,\"aggregatable\":true,\"readFromDocValues\":true},{\"name\":\"protocol\",\"type\":\"string\",\"count\":0,\"scripted\":false,\"searchable\":true,\"aggregatable\":true,\"readFromDocValues\":true},{\"name\":\"source_ip\",\"type\":\"ip\",\"count\":0,\"scripted\":false,\"searchable\":true,\"aggregatable\":true,\"readFromDocValues\":true},{\"name\":\"source_port\",\"type\":\"number\",\"count\":0,\"scripted\":false,\"searchable\":true,\"aggregatable\":true,\"readFromDocValues\":true}]"
    },
    "_migrationVersion": {
      "index-pattern": "6.5.0"
    },
    "_references": []
  },
  {
    "_id": "5f642e40-3062-11e9-a22b-f101349ec9c3",
    "_type": "search",
    "_source": {
      "title": "[Shell] IP, Port, Protocol, Message",
      "description": "",
      "hits": 0,
      "columns": [
        "source_ip",
        "destination_port",
        "protocol",
        "message"
      ],
      "sort": [
        "@timestamp",
        "desc"
      ],
      "version": 1,
      "kibanaSavedObjectMeta": {
        "searchSourceJSON": "{\"highlightAll\":true,\"version\":true,\"query\":{\"language\":\"lucene\",\"query\":\"\"},\"filter\":[],\"indexRefName\":\"kibanaSavedObjectMeta.searchSourceJSON.index\"}"
      }
    },
    "_migrationVersion": {
      "search": "7.0.0"
    },
    "_references": [
      {
        "name": "kibanaSavedObjectMeta.searchSourceJSON.index",
        "type": "index-pattern",
        "id": "4be97470-3372-11e9-997e-839d37c3a8b5"
      }
    ]
  },
  {
    "_id": "351222a0-3062-11e9-a22b-f101349ec9c3",
    "_type": "visualization",
    "_source": {
      "title": "[Shell] Count by country and ports",
      "visState": "{\"title\":\"[Shell] Count by country and ports\",\"type\":\"pie\",\"params\":{\"type\":\"pie\",\"addTooltip\":true,\"addLegend\":true,\"legendPosition\":\"right\",\"isDonut\":true,\"labels\":{\"show\":false,\"values\":true,\"last_level\":true,\"truncate\":100}},\"aggs\":[{\"id\":\"1\",\"enabled\":true,\"type\":\"count\",\"schema\":\"metric\",\"params\":{}},{\"id\":\"2\",\"enabled\":true,\"type\":\"terms\",\"schema\":\"segment\",\"params\":{\"field\":\"geoip.country_iso_code.keyword\",\"size\":10,\"order\":\"desc\",\"orderBy\":\"1\",\"otherBucket\":false,\"otherBucketLabel\":\"Other\",\"missingBucket\":false,\"missingBucketLabel\":\"Missing\"}},{\"id\":\"4\",\"enabled\":true,\"type\":\"terms\",\"schema\":\"segment\",\"params\":{\"field\":\"destination_port\",\"size\":5,\"order\":\"desc\",\"orderBy\":\"1\",\"otherBucket\":false,\"otherBucketLabel\":\"Other\",\"missingBucket\":false,\"missingBucketLabel\":\"Missing\"}}]}",
      "uiStateJSON": "{}",
      "description": "",
      "version": 1,
      "kibanaSavedObjectMeta": {
        "searchSourceJSON": "{\"query\":{\"query\":\"\",\"language\":\"lucene\"},\"filter\":[],\"indexRefName\":\"kibanaSavedObjectMeta.searchSourceJSON.index\"}"
      }
    },
    "_migrationVersion": {
      "visualization": "7.0.0"
    },
    "_references": [
      {
        "name": "kibanaSavedObjectMeta.searchSourceJSON.index",
        "type": "index-pattern",
        "id": "4be97470-3372-11e9-997e-839d37c3a8b5"
      }
    ]
  },
  {
    "_id": "35d8b8e0-3060-11e9-a22b-f101349ec9c3",
    "_type": "visualization",
    "_source": {
      "title": "[Shell] Pew Pew!",
      "visState": "{\"title\":\"[Shell] Pew Pew!\",\"type\":\"tile_map\",\"params\":{\"colorSchema\":\"Yellow to Red\",\"mapType\":\"Shaded Circle Markers\",\"isDesaturated\":true,\"addTooltip\":true,\"heatClusterSize\":1.5,\"legendPosition\":\"bottomright\",\"mapZoom\":2,\"mapCenter\":[0,0],\"wms\":{\"enabled\":false,\"options\":{\"format\":\"image/png\",\"transparent\":true},\"selectedTmsLayer\":{\"origin\":\"elastic_maps_service\",\"id\":\"road_map\",\"minZoom\":0,\"maxZoom\":18,\"attribution\":\"<p>&#169; <a href=\\\"http://www.openstreetmap.org/copyright\\\">OpenStreetMap</a> contributors | <a href=\\\"https://www.elastic.co/elastic-maps-service\\\">Elastic Maps Service</a></p>&#10;\"}}},\"aggs\":[{\"id\":\"1\",\"enabled\":true,\"type\":\"count\",\"schema\":\"metric\",\"params\":{}},{\"id\":\"2\",\"enabled\":true,\"type\":\"geohash_grid\",\"schema\":\"segment\",\"params\":{\"field\":\"geoip.location\",\"autoPrecision\":true,\"isFilteredByCollar\":true,\"useGeocentroid\":true,\"mapZoom\":2,\"mapCenter\":[0,0],\"precision\":2}}]}",
      "uiStateJSON": "{}",
      "description": "",
      "version": 1,
      "kibanaSavedObjectMeta": {
        "searchSourceJSON": "{\"query\":{\"query\":\"\",\"language\":\"lucene\"},\"filter\":[],\"indexRefName\":\"kibanaSavedObjectMeta.searchSourceJSON.index\"}"
      }
    },
    "_migrationVersion": {
      "visualization": "7.0.0"
    },
    "_references": [
      {
        "name": "kibanaSavedObjectMeta.searchSourceJSON.index",
        "type": "index-pattern",
        "id": "4be97470-3372-11e9-997e-839d37c3a8b5"
      }
    ]
  },
  {
    "_id": "25e1ee90-3063-11e9-a22b-f101349ec9c3",
    "_type": "visualization",
    "_source": {
      "title": "[Shell] Count by Port, SSH Logins Annot.",
      "visState": "{\"title\":\"[Shell] Count by Port, SSH Logins Annot.\",\"type\":\"metrics\",\"params\":{\"id\":\"61ca57f0-469d-11e7-af02-69e470af7417\",\"type\":\"timeseries\",\"series\":[{\"id\":\"61ca57f1-469d-11e7-af02-69e470af7417\",\"color\":\"rgba(0,135,188,1)\",\"split_mode\":\"terms\",\"metrics\":[{\"id\":\"61ca57f2-469d-11e7-af02-69e470af7417\",\"type\":\"count\"}],\"separate_axis\":0,\"axis_position\":\"right\",\"formatter\":\"number\",\"chart_type\":\"line\",\"line_width\":1,\"point_size\":1,\"fill\":0.5,\"stacked\":\"none\",\"terms_field\":\"destination_port\"}],\"time_field\":\"@timestamp\",\"index_pattern\":\"ufw_logs\",\"interval\":\"auto\",\"axis_position\":\"left\",\"axis_formatter\":\"number\",\"axis_scale\":\"normal\",\"show_legend\":1,\"show_grid\":1,\"annotations\":[{\"fields\":\"source_ip\",\"template\":\"SSH connection attempt from {{source_ip}}\",\"index_pattern\":\"ufw_logs\",\"query_string\":\"destination_port:22\",\"id\":\"cd1deed0-3062-11e9-9a67-4b3685c07a8c\",\"color\":\"#F00\",\"time_field\":\"@timestamp\",\"icon\":\"fa-asterisk\",\"ignore_global_filters\":1,\"ignore_panel_filters\":1}]},\"aggs\":[]}",
      "uiStateJSON": "{}",
      "description": "",
      "version": 1,
      "kibanaSavedObjectMeta": {
        "searchSourceJSON": "{\"query\":{\"query\":\"\",\"language\":\"lucene\"},\"filter\":[]}"
      }
    },
    "_migrationVersion": {
      "visualization": "7.0.0"
    },
    "_references": []
  },
  {
    "_id": "27648500-3065-11e9-a22b-f101349ec9c3",
    "_type": "visualization",
    "_source": {
      "title": "[Shell] Metric - Count",
      "visState": "{\"title\":\"[Shell] Metric - Count\",\"type\":\"metric\",\"params\":{\"addTooltip\":true,\"addLegend\":false,\"type\":\"metric\",\"metric\":{\"percentageMode\":false,\"useRanges\":false,\"colorSchema\":\"Green to Red\",\"metricColorMode\":\"None\",\"colorsRange\":[{\"from\":0,\"to\":10000}],\"labels\":{\"show\":true},\"invertColors\":false,\"style\":{\"bgFill\":\"#000\",\"bgColor\":false,\"labelColor\":false,\"subText\":\"\",\"fontSize\":60}}},\"aggs\":[{\"id\":\"1\",\"enabled\":true,\"type\":\"count\",\"schema\":\"metric\",\"params\":{\"customLabel\":\"Log Count\"}}]}",
      "uiStateJSON": "{}",
      "description": "",
      "version": 1,
      "kibanaSavedObjectMeta": {
        "searchSourceJSON": "{\"query\":{\"query\":\"\",\"language\":\"lucene\"},\"filter\":[],\"indexRefName\":\"kibanaSavedObjectMeta.searchSourceJSON.index\"}"
      }
    },
    "_migrationVersion": {
      "visualization": "7.0.0"
    },
    "_references": [
      {
        "name": "kibanaSavedObjectMeta.searchSourceJSON.index",
        "type": "index-pattern",
        "id": "4be97470-3372-11e9-997e-839d37c3a8b5"
      }
    ]
  },
  {
    "_id": "ab35bc50-3060-11e9-a22b-f101349ec9c3",
    "_type": "visualization",
    "_source": {
      "title": "[Shell] Port scan Heatmap",
      "visState": "{\"aggs\":[{\"enabled\":true,\"id\":\"1\",\"params\":{},\"schema\":\"metric\",\"type\":\"count\"},{\"enabled\":true,\"id\":\"3\",\"params\":{\"field\":\"destination_port\",\"missingBucket\":false,\"missingBucketLabel\":\"Missing\",\"order\":\"desc\",\"orderBy\":\"1\",\"otherBucket\":false,\"otherBucketLabel\":\"Other\",\"size\":25},\"schema\":\"group\",\"type\":\"terms\"},{\"enabled\":true,\"id\":\"2\",\"params\":{\"customInterval\":\"2h\",\"drop_partials\":false,\"extended_bounds\":{},\"field\":\"@timestamp\",\"interval\":\"m\",\"min_doc_count\":1,\"timeRange\":{\"from\":\"2019-02-12T20:54:39.255Z\",\"to\":\"2019-02-18T12:05:37.500Z\"},\"time_zone\":\"America/New_York\",\"useNormalizedEsInterval\":true},\"schema\":\"segment\",\"type\":\"date_histogram\"}],\"params\":{\"addLegend\":true,\"addTooltip\":true,\"colorSchema\":\"Yellow to Red\",\"colorsNumber\":10,\"colorsRange\":[],\"dimensions\":{\"series\":[{\"accessor\":0,\"aggType\":\"terms\",\"format\":{\"id\":\"terms\",\"params\":{\"id\":\"number\",\"missingBucketLabel\":\"Missing\",\"otherBucketLabel\":\"Other\"}},\"params\":{}}],\"x\":{\"accessor\":1,\"aggType\":\"date_histogram\",\"format\":{\"id\":\"date\",\"params\":{\"pattern\":\"YYYY-MM-DD HH:mm\"}},\"params\":{\"bounds\":{\"max\":{\"_a\":[2019,1,18,12,5,37,500],\"_d\":\"2019-02-18T12:05:37.500Z\",\"_f\":\"YYYY-MM-DDTHH:mm:ss.SSSSZ\",\"_i\":\"2019-02-18T12:05:37.500Z\",\"_isAMomentObject\":true,\"_isUTC\":false,\"_isValid\":true,\"_locale\":{\"_abbr\":\"en\",\"_calendar\":{\"lastDay\":\"[Yesterday at] LT\",\"lastWeek\":\"[Last] dddd [at] LT\",\"nextDay\":\"[Tomorrow at] LT\",\"nextWeek\":\"dddd [at] LT\",\"sameDay\":\"[Today at] LT\",\"sameElse\":\"L\"},\"_config\":{\"abbr\":\"en\",\"calendar\":{\"lastDay\":\"[Yesterday at] LT\",\"lastWeek\":\"[Last] dddd [at] LT\",\"nextDay\":\"[Tomorrow at] LT\",\"nextWeek\":\"dddd [at] LT\",\"sameDay\":\"[Today at] LT\",\"sameElse\":\"L\"},\"dayOfMonthOrdinalParse\":{},\"invalidDate\":\"Invalid date\",\"longDateFormat\":{\"L\":\"MM/DD/YYYY\",\"LL\":\"MMMM D, YYYY\",\"LLL\":\"MMMM D, YYYY h:mm A\",\"LLLL\":\"dddd, MMMM D, YYYY h:mm A\",\"LT\":\"h:mm A\",\"LTS\":\"h:mm:ss A\",\"lll\":\"MMM D, YYYY h:mm A\"},\"meridiemParse\":{},\"months\":[\"January\",\"February\",\"March\",\"April\",\"May\",\"June\",\"July\",\"August\",\"September\",\"October\",\"November\",\"December\"],\"monthsShort\":[\"Jan\",\"Feb\",\"Mar\",\"Apr\",\"May\",\"Jun\",\"Jul\",\"Aug\",\"Sep\",\"Oct\",\"Nov\",\"Dec\"],\"relativeTime\":{\"M\":\"a month\",\"MM\":\"%d months\",\"d\":\"a day\",\"dd\":\"%d days\",\"future\":\"in %s\",\"h\":\"an hour\",\"hh\":\"%d hours\",\"m\":\"a minute\",\"mm\":\"%d minutes\",\"past\":\"%s ago\",\"s\":\"a few seconds\",\"ss\":\"%d seconds\",\"y\":\"a year\",\"yy\":\"%d years\"},\"week\":{\"dow\":0,\"doy\":6},\"weekdays\":[\"Sunday\",\"Monday\",\"Tuesday\",\"Wednesday\",\"Thursday\",\"Friday\",\"Saturday\"],\"weekdaysMin\":[\"Su\",\"Mo\",\"Tu\",\"We\",\"Th\",\"Fr\",\"Sa\"],\"weekdaysShort\":[\"Sun\",\"Mon\",\"Tue\",\"Wed\",\"Thu\",\"Fri\",\"Sat\"]},\"_dayOfMonthOrdinalParse\":{},\"_dayOfMonthOrdinalParseLenient\":{},\"_invalidDate\":\"Invalid date\",\"_longDateFormat\":{\"L\":\"MM/DD/YYYY\",\"LL\":\"MMMM D, YYYY\",\"LLL\":\"MMMM D, YYYY h:mm A\",\"LLLL\":\"dddd, MMMM D, YYYY h:mm A\",\"LT\":\"h:mm A\",\"LTS\":\"h:mm:ss A\",\"lll\":\"MMM D, YYYY h:mm A\"},\"_meridiemParse\":{},\"_months\":[\"January\",\"February\",\"March\",\"April\",\"May\",\"June\",\"July\",\"August\",\"September\",\"October\",\"November\",\"December\"],\"_monthsShort\":[\"Jan\",\"Feb\",\"Mar\",\"Apr\",\"May\",\"Jun\",\"Jul\",\"Aug\",\"Sep\",\"Oct\",\"Nov\",\"Dec\"],\"_relativeTime\":{\"M\":\"a month\",\"MM\":\"%d months\",\"d\":\"a day\",\"dd\":\"%d days\",\"future\":\"in %s\",\"h\":\"an hour\",\"hh\":\"%d hours\",\"m\":\"a minute\",\"mm\":\"%d minutes\",\"past\":\"%s ago\",\"s\":\"a few seconds\",\"ss\":\"%d seconds\",\"y\":\"a year\",\"yy\":\"%d years\"},\"_week\":{\"dow\":0,\"doy\":6},\"_weekdays\":[\"Sunday\",\"Monday\",\"Tuesday\",\"Wednesday\",\"Thursday\",\"Friday\",\"Saturday\"],\"_weekdaysMin\":[\"Su\",\"Mo\",\"Tu\",\"We\",\"Th\",\"Fr\",\"Sa\"],\"_weekdaysShort\":[\"Sun\",\"Mon\",\"Tue\",\"Wed\",\"Thu\",\"Fri\",\"Sat\"],\"parentLocale\":{\"_abbr\":\"en\",\"_calendar\":{\"lastDay\":\"[Yesterday at] LT\",\"lastWeek\":\"[Last] dddd [at] LT\",\"nextDay\":\"[Tomorrow at] LT\",\"nextWeek\":\"dddd [at] LT\",\"sameDay\":\"[Today at] LT\",\"sameElse\":\"L\"},\"_config\":{\"abbr\":\"en\",\"calendar\":{\"lastDay\":\"[Yesterday at] LT\",\"lastWeek\":\"[Last] dddd [at] LT\",\"nextDay\":\"[Tomorrow at] LT\",\"nextWeek\":\"dddd [at] LT\",\"sameDay\":\"[Today at] LT\",\"sameElse\":\"L\"},\"dayOfMonthOrdinalParse\":{},\"invalidDate\":\"Invalid date\",\"longDateFormat\":{\"L\":\"MM/DD/YYYY\",\"LL\":\"MMMM D, YYYY\",\"LLL\":\"MMMM D, YYYY h:mm A\",\"LLLL\":\"dddd, MMMM D, YYYY h:mm A\",\"LT\":\"h:mm A\",\"LTS\":\"h:mm:ss A\"},\"meridiemParse\":{},\"months\":[\"January\",\"February\",\"March\",\"April\",\"May\",\"June\",\"July\",\"August\",\"September\",\"October\",\"November\",\"December\"],\"monthsShort\":[\"Jan\",\"Feb\",\"Mar\",\"Apr\",\"May\",\"Jun\",\"Jul\",\"Aug\",\"Sep\",\"Oct\",\"Nov\",\"Dec\"],\"relativeTime\":{\"M\":\"a month\",\"MM\":\"%d months\",\"d\":\"a day\",\"dd\":\"%d days\",\"future\":\"in %s\",\"h\":\"an hour\",\"hh\":\"%d hours\",\"m\":\"a minute\",\"mm\":\"%d minutes\",\"past\":\"%s ago\",\"s\":\"a few seconds\",\"ss\":\"%d seconds\",\"y\":\"a year\",\"yy\":\"%d years\"},\"week\":{\"dow\":0,\"doy\":6},\"weekdays\":[\"Sunday\",\"Monday\",\"Tuesday\",\"Wednesday\",\"Thursday\",\"Friday\",\"Saturday\"],\"weekdaysMin\":[\"Su\",\"Mo\",\"Tu\",\"We\",\"Th\",\"Fr\",\"Sa\"],\"weekdaysShort\":[\"Sun\",\"Mon\",\"Tue\",\"Wed\",\"Thu\",\"Fri\",\"Sat\"]},\"_dayOfMonthOrdinalParse\":{},\"_dayOfMonthOrdinalParseLenient\":{},\"_invalidDate\":\"Invalid date\",\"_longDateFormat\":{\"L\":\"MM/DD/YYYY\",\"LL\":\"MMMM D, YYYY\",\"LLL\":\"MMMM D, YYYY h:mm A\",\"LLLL\":\"dddd, MMMM D, YYYY h:mm A\",\"LT\":\"h:mm A\",\"LTS\":\"h:mm:ss A\"},\"_meridiemParse\":{},\"_months\":[\"January\",\"February\",\"March\",\"April\",\"May\",\"June\",\"July\",\"August\",\"September\",\"October\",\"November\",\"December\"],\"_monthsShort\":[\"Jan\",\"Feb\",\"Mar\",\"Apr\",\"May\",\"Jun\",\"Jul\",\"Aug\",\"Sep\",\"Oct\",\"Nov\",\"Dec\"],\"_relativeTime\":{\"M\":\"a month\",\"MM\":\"%d months\",\"d\":\"a day\",\"dd\":\"%d days\",\"future\":\"in %s\",\"h\":\"an hour\",\"hh\":\"%d hours\",\"m\":\"a minute\",\"mm\":\"%d minutes\",\"past\":\"%s ago\",\"s\":\"a few seconds\",\"ss\":\"%d seconds\",\"y\":\"a year\",\"yy\":\"%d years\"},\"_week\":{\"dow\":0,\"doy\":6},\"_weekdays\":[\"Sunday\",\"Monday\",\"Tuesday\",\"Wednesday\",\"Thursday\",\"Friday\",\"Saturday\"],\"_weekdaysMin\":[\"Su\",\"Mo\",\"Tu\",\"We\",\"Th\",\"Fr\",\"Sa\"],\"_weekdaysShort\":[\"Sun\",\"Mon\",\"Tue\",\"Wed\",\"Thu\",\"Fri\",\"Sat\"]}},\"_pf\":{\"charsLeftOver\":0,\"empty\":false,\"invalidFormat\":false,\"invalidMonth\":null,\"iso\":true,\"nullInput\":false,\"overflow\":-1,\"parsedDateParts\":[2019,1,18,12,5,37,500],\"rfc2822\":false,\"unusedInput\":[],\"unusedTokens\":[],\"userInvalidated\":false,\"weekdayMismatch\":false},\"_tzm\":0,\"_z\":null},\"min\":{\"_a\":[2019,1,12,20,54,39,255],\"_d\":\"2019-02-12T20:54:39.255Z\",\"_f\":\"YYYY-MM-DDTHH:mm:ss.SSSSZ\",\"_i\":\"2019-02-12T20:54:39.255Z\",\"_isAMomentObject\":true,\"_isUTC\":false,\"_isValid\":true,\"_locale\":{\"_abbr\":\"en\",\"_calendar\":{\"lastDay\":\"[Yesterday at] LT\",\"lastWeek\":\"[Last] dddd [at] LT\",\"nextDay\":\"[Tomorrow at] LT\",\"nextWeek\":\"dddd [at] LT\",\"sameDay\":\"[Today at] LT\",\"sameElse\":\"L\"},\"_config\":{\"abbr\":\"en\",\"calendar\":{\"lastDay\":\"[Yesterday at] LT\",\"lastWeek\":\"[Last] dddd [at] LT\",\"nextDay\":\"[Tomorrow at] LT\",\"nextWeek\":\"dddd [at] LT\",\"sameDay\":\"[Today at] LT\",\"sameElse\":\"L\"},\"dayOfMonthOrdinalParse\":{},\"invalidDate\":\"Invalid date\",\"longDateFormat\":{\"L\":\"MM/DD/YYYY\",\"LL\":\"MMMM D, YYYY\",\"LLL\":\"MMMM D, YYYY h:mm A\",\"LLLL\":\"dddd, MMMM D, YYYY h:mm A\",\"LT\":\"h:mm A\",\"LTS\":\"h:mm:ss A\",\"lll\":\"MMM D, YYYY h:mm A\"},\"meridiemParse\":{},\"months\":[\"January\",\"February\",\"March\",\"April\",\"May\",\"June\",\"July\",\"August\",\"September\",\"October\",\"November\",\"December\"],\"monthsShort\":[\"Jan\",\"Feb\",\"Mar\",\"Apr\",\"May\",\"Jun\",\"Jul\",\"Aug\",\"Sep\",\"Oct\",\"Nov\",\"Dec\"],\"relativeTime\":{\"M\":\"a month\",\"MM\":\"%d months\",\"d\":\"a day\",\"dd\":\"%d days\",\"future\":\"in %s\",\"h\":\"an hour\",\"hh\":\"%d hours\",\"m\":\"a minute\",\"mm\":\"%d minutes\",\"past\":\"%s ago\",\"s\":\"a few seconds\",\"ss\":\"%d seconds\",\"y\":\"a year\",\"yy\":\"%d years\"},\"week\":{\"dow\":0,\"doy\":6},\"weekdays\":[\"Sunday\",\"Monday\",\"Tuesday\",\"Wednesday\",\"Thursday\",\"Friday\",\"Saturday\"],\"weekdaysMin\":[\"Su\",\"Mo\",\"Tu\",\"We\",\"Th\",\"Fr\",\"Sa\"],\"weekdaysShort\":[\"Sun\",\"Mon\",\"Tue\",\"Wed\",\"Thu\",\"Fri\",\"Sat\"]},\"_dayOfMonthOrdinalParse\":{},\"_dayOfMonthOrdinalParseLenient\":{},\"_invalidDate\":\"Invalid date\",\"_longDateFormat\":{\"L\":\"MM/DD/YYYY\",\"LL\":\"MMMM D, YYYY\",\"LLL\":\"MMMM D, YYYY h:mm A\",\"LLLL\":\"dddd, MMMM D, YYYY h:mm A\",\"LT\":\"h:mm A\",\"LTS\":\"h:mm:ss A\",\"lll\":\"MMM D, YYYY h:mm A\"},\"_meridiemParse\":{},\"_months\":[\"January\",\"February\",\"March\",\"April\",\"May\",\"June\",\"July\",\"August\",\"September\",\"October\",\"November\",\"December\"],\"_monthsShort\":[\"Jan\",\"Feb\",\"Mar\",\"Apr\",\"May\",\"Jun\",\"Jul\",\"Aug\",\"Sep\",\"Oct\",\"Nov\",\"Dec\"],\"_relativeTime\":{\"M\":\"a month\",\"MM\":\"%d months\",\"d\":\"a day\",\"dd\":\"%d days\",\"future\":\"in %s\",\"h\":\"an hour\",\"hh\":\"%d hours\",\"m\":\"a minute\",\"mm\":\"%d minutes\",\"past\":\"%s ago\",\"s\":\"a few seconds\",\"ss\":\"%d seconds\",\"y\":\"a year\",\"yy\":\"%d years\"},\"_week\":{\"dow\":0,\"doy\":6},\"_weekdays\":[\"Sunday\",\"Monday\",\"Tuesday\",\"Wednesday\",\"Thursday\",\"Friday\",\"Saturday\"],\"_weekdaysMin\":[\"Su\",\"Mo\",\"Tu\",\"We\",\"Th\",\"Fr\",\"Sa\"],\"_weekdaysShort\":[\"Sun\",\"Mon\",\"Tue\",\"Wed\",\"Thu\",\"Fri\",\"Sat\"],\"parentLocale\":{\"_abbr\":\"en\",\"_calendar\":{\"lastDay\":\"[Yesterday at] LT\",\"lastWeek\":\"[Last] dddd [at] LT\",\"nextDay\":\"[Tomorrow at] LT\",\"nextWeek\":\"dddd [at] LT\",\"sameDay\":\"[Today at] LT\",\"sameElse\":\"L\"},\"_config\":{\"abbr\":\"en\",\"calendar\":{\"lastDay\":\"[Yesterday at] LT\",\"lastWeek\":\"[Last] dddd [at] LT\",\"nextDay\":\"[Tomorrow at] LT\",\"nextWeek\":\"dddd [at] LT\",\"sameDay\":\"[Today at] LT\",\"sameElse\":\"L\"},\"dayOfMonthOrdinalParse\":{},\"invalidDate\":\"Invalid date\",\"longDateFormat\":{\"L\":\"MM/DD/YYYY\",\"LL\":\"MMMM D, YYYY\",\"LLL\":\"MMMM D, YYYY h:mm A\",\"LLLL\":\"dddd, MMMM D, YYYY h:mm A\",\"LT\":\"h:mm A\",\"LTS\":\"h:mm:ss A\"},\"meridiemParse\":{},\"months\":[\"January\",\"February\",\"March\",\"April\",\"May\",\"June\",\"July\",\"August\",\"September\",\"October\",\"November\",\"December\"],\"monthsShort\":[\"Jan\",\"Feb\",\"Mar\",\"Apr\",\"May\",\"Jun\",\"Jul\",\"Aug\",\"Sep\",\"Oct\",\"Nov\",\"Dec\"],\"relativeTime\":{\"M\":\"a month\",\"MM\":\"%d months\",\"d\":\"a day\",\"dd\":\"%d days\",\"future\":\"in %s\",\"h\":\"an hour\",\"hh\":\"%d hours\",\"m\":\"a minute\",\"mm\":\"%d minutes\",\"past\":\"%s ago\",\"s\":\"a few seconds\",\"ss\":\"%d seconds\",\"y\":\"a year\",\"yy\":\"%d years\"},\"week\":{\"dow\":0,\"doy\":6},\"weekdays\":[\"Sunday\",\"Monday\",\"Tuesday\",\"Wednesday\",\"Thursday\",\"Friday\",\"Saturday\"],\"weekdaysMin\":[\"Su\",\"Mo\",\"Tu\",\"We\",\"Th\",\"Fr\",\"Sa\"],\"weekdaysShort\":[\"Sun\",\"Mon\",\"Tue\",\"Wed\",\"Thu\",\"Fri\",\"Sat\"]},\"_dayOfMonthOrdinalParse\":{},\"_dayOfMonthOrdinalParseLenient\":{},\"_invalidDate\":\"Invalid date\",\"_longDateFormat\":{\"L\":\"MM/DD/YYYY\",\"LL\":\"MMMM D, YYYY\",\"LLL\":\"MMMM D, YYYY h:mm A\",\"LLLL\":\"dddd, MMMM D, YYYY h:mm A\",\"LT\":\"h:mm A\",\"LTS\":\"h:mm:ss A\"},\"_meridiemParse\":{},\"_months\":[\"January\",\"February\",\"March\",\"April\",\"May\",\"June\",\"July\",\"August\",\"September\",\"October\",\"November\",\"December\"],\"_monthsShort\":[\"Jan\",\"Feb\",\"Mar\",\"Apr\",\"May\",\"Jun\",\"Jul\",\"Aug\",\"Sep\",\"Oct\",\"Nov\",\"Dec\"],\"_relativeTime\":{\"M\":\"a month\",\"MM\":\"%d months\",\"d\":\"a day\",\"dd\":\"%d days\",\"future\":\"in %s\",\"h\":\"an hour\",\"hh\":\"%d hours\",\"m\":\"a minute\",\"mm\":\"%d minutes\",\"past\":\"%s ago\",\"s\":\"a few seconds\",\"ss\":\"%d seconds\",\"y\":\"a year\",\"yy\":\"%d years\"},\"_week\":{\"dow\":0,\"doy\":6},\"_weekdays\":[\"Sunday\",\"Monday\",\"Tuesday\",\"Wednesday\",\"Thursday\",\"Friday\",\"Saturday\"],\"_weekdaysMin\":[\"Su\",\"Mo\",\"Tu\",\"We\",\"Th\",\"Fr\",\"Sa\"],\"_weekdaysShort\":[\"Sun\",\"Mon\",\"Tue\",\"Wed\",\"Thu\",\"Fri\",\"Sat\"]}},\"_pf\":{\"charsLeftOver\":0,\"empty\":false,\"invalidFormat\":false,\"invalidMonth\":null,\"iso\":true,\"nullInput\":false,\"overflow\":-1,\"parsedDateParts\":[2019,1,12,20,54,39,255],\"rfc2822\":false,\"unusedInput\":[],\"unusedTokens\":[],\"userInvalidated\":false,\"weekdayMismatch\":false},\"_tzm\":0,\"_z\":null}},\"date\":true,\"format\":\"YYYY-MM-DD HH:mm\",\"interval\":3600000}},\"y\":[{\"accessor\":2,\"aggType\":\"count\",\"format\":{\"id\":\"number\"},\"params\":{}}]},\"enableHover\":false,\"invertColors\":false,\"legendPosition\":\"right\",\"percentageMode\":false,\"setColorRange\":false,\"times\":[],\"type\":\"heatmap\",\"valueAxes\":[{\"id\":\"ValueAxis-1\",\"labels\":{\"color\":\"#555\",\"overwriteColor\":false,\"rotate\":0,\"show\":false},\"scale\":{\"defaultYExtents\":false,\"type\":\"linear\"},\"show\":false,\"type\":\"value\"}]},\"title\":\"[Shell] Port scan Heatmap\",\"type\":\"heatmap\"}",
      "uiStateJSON": "{\"vis\":{\"defaultColors\":{\"0 - 0.45\":\"rgb(255,255,204)\",\"0.45 - 0.9\":\"rgb(255,241,170)\",\"0.9 - 1.35\":\"rgb(254,225,135)\",\"1.35 - 1.8\":\"rgb(254,201,101)\",\"1.8 - 2.25\":\"rgb(254,171,73)\",\"2.25 - 2.7\":\"rgb(253,141,60)\",\"2.7 - 3.15\":\"rgb(252,91,46)\",\"3.15 - 3.6\":\"rgb(237,47,34)\",\"3.6 - 4.05\":\"rgb(212,16,32)\",\"4.05 - 4.5\":\"rgb(176,0,38)\"}}}",
      "description": "",
      "version": 1,
      "kibanaSavedObjectMeta": {
        "searchSourceJSON": "{\"query\":{\"query\":\"\",\"language\":\"lucene\"},\"filter\":[],\"indexRefName\":\"kibanaSavedObjectMeta.searchSourceJSON.index\"}"
      }
    },
    "_migrationVersion": {
      "visualization": "7.0.0"
    },
    "_references": [
      {
        "name": "kibanaSavedObjectMeta.searchSourceJSON.index",
        "type": "index-pattern",
        "id": "4be97470-3372-11e9-997e-839d37c3a8b5"
      }
    ]
  },
  {
    "_id": "36b2c860-3064-11e9-a22b-f101349ec9c3",
    "_type": "visualization",
    "_source": {
      "title": "[Shell] Top Scanners by IP",
      "visState": "{\"title\":\"[Shell] Top Scanners by IP\",\"type\":\"table\",\"params\":{\"perPage\":10,\"showPartialRows\":false,\"showMetricsAtAllLevels\":false,\"sort\":{\"columnIndex\":null,\"direction\":null},\"showTotal\":false,\"totalFunc\":\"sum\",\"dimensions\":{\"metrics\":[{\"accessor\":2,\"format\":{\"id\":\"number\"},\"params\":{},\"aggType\":\"count\"}],\"buckets\":[{\"accessor\":0,\"format\":{\"id\":\"terms\",\"params\":{\"id\":\"ip\",\"otherBucketLabel\":\"Other\",\"missingBucketLabel\":\"Missing\"}},\"params\":{},\"aggType\":\"terms\"},{\"accessor\":1,\"format\":{\"id\":\"terms\",\"params\":{\"id\":\"number\",\"otherBucketLabel\":\"Other\",\"missingBucketLabel\":\"Missing\"}},\"params\":{},\"aggType\":\"terms\"}]}},\"aggs\":[{\"id\":\"1\",\"enabled\":true,\"type\":\"count\",\"schema\":\"metric\",\"params\":{}},{\"id\":\"2\",\"enabled\":true,\"type\":\"terms\",\"schema\":\"bucket\",\"params\":{\"field\":\"source_ip\",\"size\":10,\"order\":\"desc\",\"orderBy\":\"1\",\"otherBucket\":false,\"otherBucketLabel\":\"Other\",\"missingBucket\":false,\"missingBucketLabel\":\"Missing\",\"customLabel\":\"Source IP\"}}]}",
      "uiStateJSON": "{\"vis\":{\"params\":{\"sort\":{\"columnIndex\":null,\"direction\":null}}}}",
      "description": "",
      "version": 1,
      "kibanaSavedObjectMeta": {
        "searchSourceJSON": "{\"query\":{\"query\":\"\",\"language\":\"lucene\"},\"filter\":[],\"indexRefName\":\"kibanaSavedObjectMeta.searchSourceJSON.index\"}"
      }
    },
    "_migrationVersion": {
      "visualization": "7.0.0"
    },
    "_references": [
      {
        "name": "kibanaSavedObjectMeta.searchSourceJSON.index",
        "type": "index-pattern",
        "id": "4be97470-3372-11e9-997e-839d37c3a8b5"
      }
    ]
  },
  {
    "_id": "bb8d8b00-3060-11e9-a22b-f101349ec9c3",
    "_type": "visualization",
    "_source": {
      "title": "[Shell] Heatmap by Source IP",
      "visState": "{\"aggs\":[{\"enabled\":true,\"id\":\"1\",\"params\":{},\"schema\":\"metric\",\"type\":\"count\"},{\"enabled\":true,\"id\":\"3\",\"params\":{\"field\":\"source_ip\",\"missingBucket\":false,\"missingBucketLabel\":\"Missing\",\"order\":\"desc\",\"orderBy\":\"1\",\"otherBucket\":false,\"otherBucketLabel\":\"Other\",\"size\":20},\"schema\":\"group\",\"type\":\"terms\"},{\"enabled\":true,\"id\":\"2\",\"params\":{\"customInterval\":\"2h\",\"drop_partials\":false,\"extended_bounds\":{},\"field\":\"@timestamp\",\"interval\":\"m\",\"min_doc_count\":1,\"timeRange\":{\"from\":\"2019-02-12T20:54:39.255Z\",\"to\":\"2019-02-18T12:05:37.500Z\"},\"time_zone\":\"America/New_York\",\"useNormalizedEsInterval\":true},\"schema\":\"segment\",\"type\":\"date_histogram\"}],\"params\":{\"addLegend\":true,\"addTooltip\":true,\"colorSchema\":\"Greens\",\"colorsNumber\":4,\"colorsRange\":[],\"dimensions\":{\"series\":[{\"accessor\":0,\"aggType\":\"terms\",\"format\":{\"id\":\"terms\",\"params\":{\"id\":\"ip\",\"missingBucketLabel\":\"Missing\",\"otherBucketLabel\":\"Other\"}},\"params\":{}}],\"x\":{\"accessor\":1,\"aggType\":\"date_histogram\",\"format\":{\"id\":\"date\",\"params\":{\"pattern\":\"YYYY-MM-DD HH:mm\"}},\"params\":{\"bounds\":{\"max\":{\"_a\":[2019,1,18,12,5,37,500],\"_d\":\"2019-02-18T12:05:37.500Z\",\"_f\":\"YYYY-MM-DDTHH:mm:ss.SSSSZ\",\"_i\":\"2019-02-18T12:05:37.500Z\",\"_isAMomentObject\":true,\"_isUTC\":false,\"_isValid\":true,\"_locale\":{\"_abbr\":\"en\",\"_calendar\":{\"lastDay\":\"[Yesterday at] LT\",\"lastWeek\":\"[Last] dddd [at] LT\",\"nextDay\":\"[Tomorrow at] LT\",\"nextWeek\":\"dddd [at] LT\",\"sameDay\":\"[Today at] LT\",\"sameElse\":\"L\"},\"_config\":{\"abbr\":\"en\",\"calendar\":{\"lastDay\":\"[Yesterday at] LT\",\"lastWeek\":\"[Last] dddd [at] LT\",\"nextDay\":\"[Tomorrow at] LT\",\"nextWeek\":\"dddd [at] LT\",\"sameDay\":\"[Today at] LT\",\"sameElse\":\"L\"},\"dayOfMonthOrdinalParse\":{},\"invalidDate\":\"Invalid date\",\"longDateFormat\":{\"L\":\"MM/DD/YYYY\",\"LL\":\"MMMM D, YYYY\",\"LLL\":\"MMMM D, YYYY h:mm A\",\"LLLL\":\"dddd, MMMM D, YYYY h:mm A\",\"LT\":\"h:mm A\",\"LTS\":\"h:mm:ss A\",\"lll\":\"MMM D, YYYY h:mm A\"},\"meridiemParse\":{},\"months\":[\"January\",\"February\",\"March\",\"April\",\"May\",\"June\",\"July\",\"August\",\"September\",\"October\",\"November\",\"December\"],\"monthsShort\":[\"Jan\",\"Feb\",\"Mar\",\"Apr\",\"May\",\"Jun\",\"Jul\",\"Aug\",\"Sep\",\"Oct\",\"Nov\",\"Dec\"],\"relativeTime\":{\"M\":\"a month\",\"MM\":\"%d months\",\"d\":\"a day\",\"dd\":\"%d days\",\"future\":\"in %s\",\"h\":\"an hour\",\"hh\":\"%d hours\",\"m\":\"a minute\",\"mm\":\"%d minutes\",\"past\":\"%s ago\",\"s\":\"a few seconds\",\"ss\":\"%d seconds\",\"y\":\"a year\",\"yy\":\"%d years\"},\"week\":{\"dow\":0,\"doy\":6},\"weekdays\":[\"Sunday\",\"Monday\",\"Tuesday\",\"Wednesday\",\"Thursday\",\"Friday\",\"Saturday\"],\"weekdaysMin\":[\"Su\",\"Mo\",\"Tu\",\"We\",\"Th\",\"Fr\",\"Sa\"],\"weekdaysShort\":[\"Sun\",\"Mon\",\"Tue\",\"Wed\",\"Thu\",\"Fri\",\"Sat\"]},\"_dayOfMonthOrdinalParse\":{},\"_dayOfMonthOrdinalParseLenient\":{},\"_invalidDate\":\"Invalid date\",\"_longDateFormat\":{\"L\":\"MM/DD/YYYY\",\"LL\":\"MMMM D, YYYY\",\"LLL\":\"MMMM D, YYYY h:mm A\",\"LLLL\":\"dddd, MMMM D, YYYY h:mm A\",\"LT\":\"h:mm A\",\"LTS\":\"h:mm:ss A\",\"lll\":\"MMM D, YYYY h:mm A\"},\"_meridiemParse\":{},\"_months\":[\"January\",\"February\",\"March\",\"April\",\"May\",\"June\",\"July\",\"August\",\"September\",\"October\",\"November\",\"December\"],\"_monthsShort\":[\"Jan\",\"Feb\",\"Mar\",\"Apr\",\"May\",\"Jun\",\"Jul\",\"Aug\",\"Sep\",\"Oct\",\"Nov\",\"Dec\"],\"_relativeTime\":{\"M\":\"a month\",\"MM\":\"%d months\",\"d\":\"a day\",\"dd\":\"%d days\",\"future\":\"in %s\",\"h\":\"an hour\",\"hh\":\"%d hours\",\"m\":\"a minute\",\"mm\":\"%d minutes\",\"past\":\"%s ago\",\"s\":\"a few seconds\",\"ss\":\"%d seconds\",\"y\":\"a year\",\"yy\":\"%d years\"},\"_week\":{\"dow\":0,\"doy\":6},\"_weekdays\":[\"Sunday\",\"Monday\",\"Tuesday\",\"Wednesday\",\"Thursday\",\"Friday\",\"Saturday\"],\"_weekdaysMin\":[\"Su\",\"Mo\",\"Tu\",\"We\",\"Th\",\"Fr\",\"Sa\"],\"_weekdaysShort\":[\"Sun\",\"Mon\",\"Tue\",\"Wed\",\"Thu\",\"Fri\",\"Sat\"],\"parentLocale\":{\"_abbr\":\"en\",\"_calendar\":{\"lastDay\":\"[Yesterday at] LT\",\"lastWeek\":\"[Last] dddd [at] LT\",\"nextDay\":\"[Tomorrow at] LT\",\"nextWeek\":\"dddd [at] LT\",\"sameDay\":\"[Today at] LT\",\"sameElse\":\"L\"},\"_config\":{\"abbr\":\"en\",\"calendar\":{\"lastDay\":\"[Yesterday at] LT\",\"lastWeek\":\"[Last] dddd [at] LT\",\"nextDay\":\"[Tomorrow at] LT\",\"nextWeek\":\"dddd [at] LT\",\"sameDay\":\"[Today at] LT\",\"sameElse\":\"L\"},\"dayOfMonthOrdinalParse\":{},\"invalidDate\":\"Invalid date\",\"longDateFormat\":{\"L\":\"MM/DD/YYYY\",\"LL\":\"MMMM D, YYYY\",\"LLL\":\"MMMM D, YYYY h:mm A\",\"LLLL\":\"dddd, MMMM D, YYYY h:mm A\",\"LT\":\"h:mm A\",\"LTS\":\"h:mm:ss A\"},\"meridiemParse\":{},\"months\":[\"January\",\"February\",\"March\",\"April\",\"May\",\"June\",\"July\",\"August\",\"September\",\"October\",\"November\",\"December\"],\"monthsShort\":[\"Jan\",\"Feb\",\"Mar\",\"Apr\",\"May\",\"Jun\",\"Jul\",\"Aug\",\"Sep\",\"Oct\",\"Nov\",\"Dec\"],\"relativeTime\":{\"M\":\"a month\",\"MM\":\"%d months\",\"d\":\"a day\",\"dd\":\"%d days\",\"future\":\"in %s\",\"h\":\"an hour\",\"hh\":\"%d hours\",\"m\":\"a minute\",\"mm\":\"%d minutes\",\"past\":\"%s ago\",\"s\":\"a few seconds\",\"ss\":\"%d seconds\",\"y\":\"a year\",\"yy\":\"%d years\"},\"week\":{\"dow\":0,\"doy\":6},\"weekdays\":[\"Sunday\",\"Monday\",\"Tuesday\",\"Wednesday\",\"Thursday\",\"Friday\",\"Saturday\"],\"weekdaysMin\":[\"Su\",\"Mo\",\"Tu\",\"We\",\"Th\",\"Fr\",\"Sa\"],\"weekdaysShort\":[\"Sun\",\"Mon\",\"Tue\",\"Wed\",\"Thu\",\"Fri\",\"Sat\"]},\"_dayOfMonthOrdinalParse\":{},\"_dayOfMonthOrdinalParseLenient\":{},\"_invalidDate\":\"Invalid date\",\"_longDateFormat\":{\"L\":\"MM/DD/YYYY\",\"LL\":\"MMMM D, YYYY\",\"LLL\":\"MMMM D, YYYY h:mm A\",\"LLLL\":\"dddd, MMMM D, YYYY h:mm A\",\"LT\":\"h:mm A\",\"LTS\":\"h:mm:ss A\"},\"_meridiemParse\":{},\"_months\":[\"January\",\"February\",\"March\",\"April\",\"May\",\"June\",\"July\",\"August\",\"September\",\"October\",\"November\",\"December\"],\"_monthsShort\":[\"Jan\",\"Feb\",\"Mar\",\"Apr\",\"May\",\"Jun\",\"Jul\",\"Aug\",\"Sep\",\"Oct\",\"Nov\",\"Dec\"],\"_relativeTime\":{\"M\":\"a month\",\"MM\":\"%d months\",\"d\":\"a day\",\"dd\":\"%d days\",\"future\":\"in %s\",\"h\":\"an hour\",\"hh\":\"%d hours\",\"m\":\"a minute\",\"mm\":\"%d minutes\",\"past\":\"%s ago\",\"s\":\"a few seconds\",\"ss\":\"%d seconds\",\"y\":\"a year\",\"yy\":\"%d years\"},\"_week\":{\"dow\":0,\"doy\":6},\"_weekdays\":[\"Sunday\",\"Monday\",\"Tuesday\",\"Wednesday\",\"Thursday\",\"Friday\",\"Saturday\"],\"_weekdaysMin\":[\"Su\",\"Mo\",\"Tu\",\"We\",\"Th\",\"Fr\",\"Sa\"],\"_weekdaysShort\":[\"Sun\",\"Mon\",\"Tue\",\"Wed\",\"Thu\",\"Fri\",\"Sat\"]}},\"_pf\":{\"charsLeftOver\":0,\"empty\":false,\"invalidFormat\":false,\"invalidMonth\":null,\"iso\":true,\"nullInput\":false,\"overflow\":-1,\"parsedDateParts\":[2019,1,18,12,5,37,500],\"rfc2822\":false,\"unusedInput\":[],\"unusedTokens\":[],\"userInvalidated\":false,\"weekdayMismatch\":false},\"_tzm\":0,\"_z\":null},\"min\":{\"_a\":[2019,1,12,20,54,39,255],\"_d\":\"2019-02-12T20:54:39.255Z\",\"_f\":\"YYYY-MM-DDTHH:mm:ss.SSSSZ\",\"_i\":\"2019-02-12T20:54:39.255Z\",\"_isAMomentObject\":true,\"_isUTC\":false,\"_isValid\":true,\"_locale\":{\"_abbr\":\"en\",\"_calendar\":{\"lastDay\":\"[Yesterday at] LT\",\"lastWeek\":\"[Last] dddd [at] LT\",\"nextDay\":\"[Tomorrow at] LT\",\"nextWeek\":\"dddd [at] LT\",\"sameDay\":\"[Today at] LT\",\"sameElse\":\"L\"},\"_config\":{\"abbr\":\"en\",\"calendar\":{\"lastDay\":\"[Yesterday at] LT\",\"lastWeek\":\"[Last] dddd [at] LT\",\"nextDay\":\"[Tomorrow at] LT\",\"nextWeek\":\"dddd [at] LT\",\"sameDay\":\"[Today at] LT\",\"sameElse\":\"L\"},\"dayOfMonthOrdinalParse\":{},\"invalidDate\":\"Invalid date\",\"longDateFormat\":{\"L\":\"MM/DD/YYYY\",\"LL\":\"MMMM D, YYYY\",\"LLL\":\"MMMM D, YYYY h:mm A\",\"LLLL\":\"dddd, MMMM D, YYYY h:mm A\",\"LT\":\"h:mm A\",\"LTS\":\"h:mm:ss A\",\"lll\":\"MMM D, YYYY h:mm A\"},\"meridiemParse\":{},\"months\":[\"January\",\"February\",\"March\",\"April\",\"May\",\"June\",\"July\",\"August\",\"September\",\"October\",\"November\",\"December\"],\"monthsShort\":[\"Jan\",\"Feb\",\"Mar\",\"Apr\",\"May\",\"Jun\",\"Jul\",\"Aug\",\"Sep\",\"Oct\",\"Nov\",\"Dec\"],\"relativeTime\":{\"M\":\"a month\",\"MM\":\"%d months\",\"d\":\"a day\",\"dd\":\"%d days\",\"future\":\"in %s\",\"h\":\"an hour\",\"hh\":\"%d hours\",\"m\":\"a minute\",\"mm\":\"%d minutes\",\"past\":\"%s ago\",\"s\":\"a few seconds\",\"ss\":\"%d seconds\",\"y\":\"a year\",\"yy\":\"%d years\"},\"week\":{\"dow\":0,\"doy\":6},\"weekdays\":[\"Sunday\",\"Monday\",\"Tuesday\",\"Wednesday\",\"Thursday\",\"Friday\",\"Saturday\"],\"weekdaysMin\":[\"Su\",\"Mo\",\"Tu\",\"We\",\"Th\",\"Fr\",\"Sa\"],\"weekdaysShort\":[\"Sun\",\"Mon\",\"Tue\",\"Wed\",\"Thu\",\"Fri\",\"Sat\"]},\"_dayOfMonthOrdinalParse\":{},\"_dayOfMonthOrdinalParseLenient\":{},\"_invalidDate\":\"Invalid date\",\"_longDateFormat\":{\"L\":\"MM/DD/YYYY\",\"LL\":\"MMMM D, YYYY\",\"LLL\":\"MMMM D, YYYY h:mm A\",\"LLLL\":\"dddd, MMMM D, YYYY h:mm A\",\"LT\":\"h:mm A\",\"LTS\":\"h:mm:ss A\",\"lll\":\"MMM D, YYYY h:mm A\"},\"_meridiemParse\":{},\"_months\":[\"January\",\"February\",\"March\",\"April\",\"May\",\"June\",\"July\",\"August\",\"September\",\"October\",\"November\",\"December\"],\"_monthsShort\":[\"Jan\",\"Feb\",\"Mar\",\"Apr\",\"May\",\"Jun\",\"Jul\",\"Aug\",\"Sep\",\"Oct\",\"Nov\",\"Dec\"],\"_relativeTime\":{\"M\":\"a month\",\"MM\":\"%d months\",\"d\":\"a day\",\"dd\":\"%d days\",\"future\":\"in %s\",\"h\":\"an hour\",\"hh\":\"%d hours\",\"m\":\"a minute\",\"mm\":\"%d minutes\",\"past\":\"%s ago\",\"s\":\"a few seconds\",\"ss\":\"%d seconds\",\"y\":\"a year\",\"yy\":\"%d years\"},\"_week\":{\"dow\":0,\"doy\":6},\"_weekdays\":[\"Sunday\",\"Monday\",\"Tuesday\",\"Wednesday\",\"Thursday\",\"Friday\",\"Saturday\"],\"_weekdaysMin\":[\"Su\",\"Mo\",\"Tu\",\"We\",\"Th\",\"Fr\",\"Sa\"],\"_weekdaysShort\":[\"Sun\",\"Mon\",\"Tue\",\"Wed\",\"Thu\",\"Fri\",\"Sat\"],\"parentLocale\":{\"_abbr\":\"en\",\"_calendar\":{\"lastDay\":\"[Yesterday at] LT\",\"lastWeek\":\"[Last] dddd [at] LT\",\"nextDay\":\"[Tomorrow at] LT\",\"nextWeek\":\"dddd [at] LT\",\"sameDay\":\"[Today at] LT\",\"sameElse\":\"L\"},\"_config\":{\"abbr\":\"en\",\"calendar\":{\"lastDay\":\"[Yesterday at] LT\",\"lastWeek\":\"[Last] dddd [at] LT\",\"nextDay\":\"[Tomorrow at] LT\",\"nextWeek\":\"dddd [at] LT\",\"sameDay\":\"[Today at] LT\",\"sameElse\":\"L\"},\"dayOfMonthOrdinalParse\":{},\"invalidDate\":\"Invalid date\",\"longDateFormat\":{\"L\":\"MM/DD/YYYY\",\"LL\":\"MMMM D, YYYY\",\"LLL\":\"MMMM D, YYYY h:mm A\",\"LLLL\":\"dddd, MMMM D, YYYY h:mm A\",\"LT\":\"h:mm A\",\"LTS\":\"h:mm:ss A\"},\"meridiemParse\":{},\"months\":[\"January\",\"February\",\"March\",\"April\",\"May\",\"June\",\"July\",\"August\",\"September\",\"October\",\"November\",\"December\"],\"monthsShort\":[\"Jan\",\"Feb\",\"Mar\",\"Apr\",\"May\",\"Jun\",\"Jul\",\"Aug\",\"Sep\",\"Oct\",\"Nov\",\"Dec\"],\"relativeTime\":{\"M\":\"a month\",\"MM\":\"%d months\",\"d\":\"a day\",\"dd\":\"%d days\",\"future\":\"in %s\",\"h\":\"an hour\",\"hh\":\"%d hours\",\"m\":\"a minute\",\"mm\":\"%d minutes\",\"past\":\"%s ago\",\"s\":\"a few seconds\",\"ss\":\"%d seconds\",\"y\":\"a year\",\"yy\":\"%d years\"},\"week\":{\"dow\":0,\"doy\":6},\"weekdays\":[\"Sunday\",\"Monday\",\"Tuesday\",\"Wednesday\",\"Thursday\",\"Friday\",\"Saturday\"],\"weekdaysMin\":[\"Su\",\"Mo\",\"Tu\",\"We\",\"Th\",\"Fr\",\"Sa\"],\"weekdaysShort\":[\"Sun\",\"Mon\",\"Tue\",\"Wed\",\"Thu\",\"Fri\",\"Sat\"]},\"_dayOfMonthOrdinalParse\":{},\"_dayOfMonthOrdinalParseLenient\":{},\"_invalidDate\":\"Invalid date\",\"_longDateFormat\":{\"L\":\"MM/DD/YYYY\",\"LL\":\"MMMM D, YYYY\",\"LLL\":\"MMMM D, YYYY h:mm A\",\"LLLL\":\"dddd, MMMM D, YYYY h:mm A\",\"LT\":\"h:mm A\",\"LTS\":\"h:mm:ss A\"},\"_meridiemParse\":{},\"_months\":[\"January\",\"February\",\"March\",\"April\",\"May\",\"June\",\"July\",\"August\",\"September\",\"October\",\"November\",\"December\"],\"_monthsShort\":[\"Jan\",\"Feb\",\"Mar\",\"Apr\",\"May\",\"Jun\",\"Jul\",\"Aug\",\"Sep\",\"Oct\",\"Nov\",\"Dec\"],\"_relativeTime\":{\"M\":\"a month\",\"MM\":\"%d months\",\"d\":\"a day\",\"dd\":\"%d days\",\"future\":\"in %s\",\"h\":\"an hour\",\"hh\":\"%d hours\",\"m\":\"a minute\",\"mm\":\"%d minutes\",\"past\":\"%s ago\",\"s\":\"a few seconds\",\"ss\":\"%d seconds\",\"y\":\"a year\",\"yy\":\"%d years\"},\"_week\":{\"dow\":0,\"doy\":6},\"_weekdays\":[\"Sunday\",\"Monday\",\"Tuesday\",\"Wednesday\",\"Thursday\",\"Friday\",\"Saturday\"],\"_weekdaysMin\":[\"Su\",\"Mo\",\"Tu\",\"We\",\"Th\",\"Fr\",\"Sa\"],\"_weekdaysShort\":[\"Sun\",\"Mon\",\"Tue\",\"Wed\",\"Thu\",\"Fri\",\"Sat\"]}},\"_pf\":{\"charsLeftOver\":0,\"empty\":false,\"invalidFormat\":false,\"invalidMonth\":null,\"iso\":true,\"nullInput\":false,\"overflow\":-1,\"parsedDateParts\":[2019,1,12,20,54,39,255],\"rfc2822\":false,\"unusedInput\":[],\"unusedTokens\":[],\"userInvalidated\":false,\"weekdayMismatch\":false},\"_tzm\":0,\"_z\":null}},\"date\":true,\"format\":\"YYYY-MM-DD HH:mm\",\"interval\":10800000}},\"y\":[{\"accessor\":2,\"aggType\":\"count\",\"format\":{\"id\":\"number\"},\"params\":{}}]},\"enableHover\":false,\"invertColors\":false,\"legendPosition\":\"right\",\"percentageMode\":false,\"setColorRange\":false,\"times\":[],\"type\":\"heatmap\",\"valueAxes\":[{\"id\":\"ValueAxis-1\",\"labels\":{\"color\":\"#555\",\"overwriteColor\":false,\"rotate\":0,\"show\":false},\"scale\":{\"defaultYExtents\":false,\"type\":\"linear\"},\"show\":false,\"type\":\"value\"}]},\"title\":\"[Shell] Heatmap by Source IP\",\"type\":\"heatmap\"}",
      "uiStateJSON": "{\"vis\":{\"defaultColors\":{\"0 - 1.125\":\"rgb(247,252,245)\",\"1.125 - 2.25\":\"rgb(199,233,192)\",\"2.25 - 3.375\":\"rgb(116,196,118)\",\"3.375 - 4.5\":\"rgb(35,139,69)\"}}}",
      "description": "",
      "version": 1,
      "kibanaSavedObjectMeta": {
        "searchSourceJSON": "{\"query\":{\"query\":\"\",\"language\":\"lucene\"},\"filter\":[],\"indexRefName\":\"kibanaSavedObjectMeta.searchSourceJSON.index\"}"
      }
    },
    "_migrationVersion": {
      "visualization": "7.0.0"
    },
    "_references": [
      {
        "name": "kibanaSavedObjectMeta.searchSourceJSON.index",
        "type": "index-pattern",
        "id": "4be97470-3372-11e9-997e-839d37c3a8b5"
      }
    ]
  },
  {
    "_id": "956cdac0-3065-11e9-a22b-f101349ec9c3",
    "_type": "visualization",
    "_source": {
      "title": "[Shell] Count by ASN",
      "visState": "{\"title\":\"[Shell] Count by ASN\",\"type\":\"horizontal_bar\",\"params\":{\"type\":\"histogram\",\"grid\":{\"categoryLines\":false,\"style\":{\"color\":\"#eee\"}},\"categoryAxes\":[{\"id\":\"CategoryAxis-1\",\"type\":\"category\",\"position\":\"left\",\"show\":true,\"style\":{},\"scale\":{\"type\":\"linear\"},\"labels\":{\"show\":true,\"rotate\":0,\"filter\":false,\"truncate\":200},\"title\":{}}],\"valueAxes\":[{\"id\":\"ValueAxis-1\",\"name\":\"LeftAxis-1\",\"type\":\"value\",\"position\":\"bottom\",\"show\":true,\"style\":{},\"scale\":{\"type\":\"linear\",\"mode\":\"normal\"},\"labels\":{\"show\":true,\"rotate\":75,\"filter\":true,\"truncate\":100},\"title\":{\"text\":\"Count\"}}],\"seriesParams\":[{\"show\":true,\"type\":\"histogram\",\"mode\":\"stacked\",\"data\":{\"label\":\"Count\",\"id\":\"1\"},\"valueAxis\":\"ValueAxis-1\",\"drawLinesBetweenPoints\":true,\"showCircles\":true}],\"addTooltip\":true,\"addLegend\":true,\"legendPosition\":\"right\",\"times\":[],\"addTimeMarker\":false,\"dimensions\":{\"x\":{\"accessor\":0,\"format\":{\"id\":\"terms\",\"params\":{\"id\":\"string\",\"otherBucketLabel\":\"Other\",\"missingBucketLabel\":\"Missing\"}},\"params\":{},\"aggType\":\"terms\"},\"y\":[{\"accessor\":1,\"format\":{\"id\":\"number\"},\"params\":{},\"aggType\":\"count\"}]}},\"aggs\":[{\"id\":\"1\",\"enabled\":true,\"type\":\"count\",\"schema\":\"metric\",\"params\":{}},{\"id\":\"2\",\"enabled\":true,\"type\":\"terms\",\"schema\":\"segment\",\"params\":{\"field\":\"geoip.organization_name.keyword\",\"size\":10,\"order\":\"desc\",\"orderBy\":\"1\",\"otherBucket\":false,\"otherBucketLabel\":\"Other\",\"missingBucket\":false,\"missingBucketLabel\":\"Missing\",\"customLabel\":\"Organization ASN\"}}]}",
      "uiStateJSON": "{}",
      "description": "",
      "version": 1,
      "kibanaSavedObjectMeta": {
        "searchSourceJSON": "{\"query\":{\"query\":\"\",\"language\":\"lucene\"},\"filter\":[],\"indexRefName\":\"kibanaSavedObjectMeta.searchSourceJSON.index\"}"
      }
    },
    "_migrationVersion": {
      "visualization": "7.0.0"
    },
    "_references": [
      {
        "name": "kibanaSavedObjectMeta.searchSourceJSON.index",
        "type": "index-pattern",
        "id": "4be97470-3372-11e9-997e-839d37c3a8b5"
      }
    ]
  },
  {
    "_id": "15662f10-3061-11e9-a22b-f101349ec9c3",
    "_type": "visualization",
    "_source": {
      "title": "[Shell] Area - Top 10 IPs by Percentage",
      "visState": "{\"aggs\":[{\"enabled\":true,\"id\":\"1\",\"params\":{},\"schema\":\"metric\",\"type\":\"count\"},{\"enabled\":true,\"id\":\"3\",\"params\":{\"field\":\"source_ip\",\"missingBucket\":false,\"missingBucketLabel\":\"Missing\",\"order\":\"desc\",\"orderBy\":\"1\",\"otherBucket\":false,\"otherBucketLabel\":\"Other\",\"size\":10},\"schema\":\"group\",\"type\":\"terms\"},{\"enabled\":true,\"id\":\"2\",\"params\":{\"customInterval\":\"2h\",\"drop_partials\":false,\"extended_bounds\":{},\"field\":\"@timestamp\",\"interval\":\"auto\",\"min_doc_count\":1,\"timeRange\":{\"from\":\"2019-02-12T23:52:25.737Z\",\"to\":\"now\"},\"time_zone\":\"America/New_York\",\"useNormalizedEsInterval\":true},\"schema\":\"segment\",\"type\":\"date_histogram\"}],\"params\":{\"addLegend\":true,\"addTimeMarker\":false,\"addTooltip\":true,\"categoryAxes\":[{\"id\":\"CategoryAxis-1\",\"labels\":{\"show\":true,\"truncate\":100},\"position\":\"bottom\",\"scale\":{\"type\":\"linear\"},\"show\":true,\"style\":{},\"title\":{},\"type\":\"category\"}],\"dimensions\":{\"series\":[{\"accessor\":0,\"aggType\":\"terms\",\"format\":{\"id\":\"terms\",\"params\":{\"id\":\"ip\",\"missingBucketLabel\":\"Missing\",\"otherBucketLabel\":\"Other\"}},\"params\":{}}],\"x\":{\"accessor\":1,\"aggType\":\"date_histogram\",\"format\":{\"id\":\"date\",\"params\":{\"pattern\":\"YYYY-MM-DD HH:mm\"}},\"params\":{\"bounds\":{\"max\":{\"_d\":\"2019-02-18T12:18:08.032Z\",\"_isAMomentObject\":true,\"_isUTC\":false,\"_isValid\":true,\"_locale\":{\"_abbr\":\"en\",\"_calendar\":{\"lastDay\":\"[Yesterday at] LT\",\"lastWeek\":\"[Last] dddd [at] LT\",\"nextDay\":\"[Tomorrow at] LT\",\"nextWeek\":\"dddd [at] LT\",\"sameDay\":\"[Today at] LT\",\"sameElse\":\"L\"},\"_config\":{\"abbr\":\"en\",\"calendar\":{\"lastDay\":\"[Yesterday at] LT\",\"lastWeek\":\"[Last] dddd [at] LT\",\"nextDay\":\"[Tomorrow at] LT\",\"nextWeek\":\"dddd [at] LT\",\"sameDay\":\"[Today at] LT\",\"sameElse\":\"L\"},\"dayOfMonthOrdinalParse\":{},\"invalidDate\":\"Invalid date\",\"longDateFormat\":{\"L\":\"MM/DD/YYYY\",\"LL\":\"MMMM D, YYYY\",\"LLL\":\"MMMM D, YYYY h:mm A\",\"LLLL\":\"dddd, MMMM D, YYYY h:mm A\",\"LT\":\"h:mm A\",\"LTS\":\"h:mm:ss A\",\"lll\":\"MMM D, YYYY h:mm A\"},\"meridiemParse\":{},\"months\":[\"January\",\"February\",\"March\",\"April\",\"May\",\"June\",\"July\",\"August\",\"September\",\"October\",\"November\",\"December\"],\"monthsShort\":[\"Jan\",\"Feb\",\"Mar\",\"Apr\",\"May\",\"Jun\",\"Jul\",\"Aug\",\"Sep\",\"Oct\",\"Nov\",\"Dec\"],\"relativeTime\":{\"M\":\"a month\",\"MM\":\"%d months\",\"d\":\"a day\",\"dd\":\"%d days\",\"future\":\"in %s\",\"h\":\"an hour\",\"hh\":\"%d hours\",\"m\":\"a minute\",\"mm\":\"%d minutes\",\"past\":\"%s ago\",\"s\":\"a few seconds\",\"ss\":\"%d seconds\",\"y\":\"a year\",\"yy\":\"%d years\"},\"week\":{\"dow\":0,\"doy\":6},\"weekdays\":[\"Sunday\",\"Monday\",\"Tuesday\",\"Wednesday\",\"Thursday\",\"Friday\",\"Saturday\"],\"weekdaysMin\":[\"Su\",\"Mo\",\"Tu\",\"We\",\"Th\",\"Fr\",\"Sa\"],\"weekdaysShort\":[\"Sun\",\"Mon\",\"Tue\",\"Wed\",\"Thu\",\"Fri\",\"Sat\"]},\"_dayOfMonthOrdinalParse\":{},\"_dayOfMonthOrdinalParseLenient\":{},\"_invalidDate\":\"Invalid date\",\"_longDateFormat\":{\"L\":\"MM/DD/YYYY\",\"LL\":\"MMMM D, YYYY\",\"LLL\":\"MMMM D, YYYY h:mm A\",\"LLLL\":\"dddd, MMMM D, YYYY h:mm A\",\"LT\":\"h:mm A\",\"LTS\":\"h:mm:ss A\",\"lll\":\"MMM D, YYYY h:mm A\"},\"_meridiemParse\":{},\"_months\":[\"January\",\"February\",\"March\",\"April\",\"May\",\"June\",\"July\",\"August\",\"September\",\"October\",\"November\",\"December\"],\"_monthsShort\":[\"Jan\",\"Feb\",\"Mar\",\"Apr\",\"May\",\"Jun\",\"Jul\",\"Aug\",\"Sep\",\"Oct\",\"Nov\",\"Dec\"],\"_relativeTime\":{\"M\":\"a month\",\"MM\":\"%d months\",\"d\":\"a day\",\"dd\":\"%d days\",\"future\":\"in %s\",\"h\":\"an hour\",\"hh\":\"%d hours\",\"m\":\"a minute\",\"mm\":\"%d minutes\",\"past\":\"%s ago\",\"s\":\"a few seconds\",\"ss\":\"%d seconds\",\"y\":\"a year\",\"yy\":\"%d years\"},\"_week\":{\"dow\":0,\"doy\":6},\"_weekdays\":[\"Sunday\",\"Monday\",\"Tuesday\",\"Wednesday\",\"Thursday\",\"Friday\",\"Saturday\"],\"_weekdaysMin\":[\"Su\",\"Mo\",\"Tu\",\"We\",\"Th\",\"Fr\",\"Sa\"],\"_weekdaysShort\":[\"Sun\",\"Mon\",\"Tue\",\"Wed\",\"Thu\",\"Fri\",\"Sat\"],\"parentLocale\":{\"_abbr\":\"en\",\"_calendar\":{\"lastDay\":\"[Yesterday at] LT\",\"lastWeek\":\"[Last] dddd [at] LT\",\"nextDay\":\"[Tomorrow at] LT\",\"nextWeek\":\"dddd [at] LT\",\"sameDay\":\"[Today at] LT\",\"sameElse\":\"L\"},\"_config\":{\"abbr\":\"en\",\"calendar\":{\"lastDay\":\"[Yesterday at] LT\",\"lastWeek\":\"[Last] dddd [at] LT\",\"nextDay\":\"[Tomorrow at] LT\",\"nextWeek\":\"dddd [at] LT\",\"sameDay\":\"[Today at] LT\",\"sameElse\":\"L\"},\"dayOfMonthOrdinalParse\":{},\"invalidDate\":\"Invalid date\",\"longDateFormat\":{\"L\":\"MM/DD/YYYY\",\"LL\":\"MMMM D, YYYY\",\"LLL\":\"MMMM D, YYYY h:mm A\",\"LLLL\":\"dddd, MMMM D, YYYY h:mm A\",\"LT\":\"h:mm A\",\"LTS\":\"h:mm:ss A\"},\"meridiemParse\":{},\"months\":[\"January\",\"February\",\"March\",\"April\",\"May\",\"June\",\"July\",\"August\",\"September\",\"October\",\"November\",\"December\"],\"monthsShort\":[\"Jan\",\"Feb\",\"Mar\",\"Apr\",\"May\",\"Jun\",\"Jul\",\"Aug\",\"Sep\",\"Oct\",\"Nov\",\"Dec\"],\"relativeTime\":{\"M\":\"a month\",\"MM\":\"%d months\",\"d\":\"a day\",\"dd\":\"%d days\",\"future\":\"in %s\",\"h\":\"an hour\",\"hh\":\"%d hours\",\"m\":\"a minute\",\"mm\":\"%d minutes\",\"past\":\"%s ago\",\"s\":\"a few seconds\",\"ss\":\"%d seconds\",\"y\":\"a year\",\"yy\":\"%d years\"},\"week\":{\"dow\":0,\"doy\":6},\"weekdays\":[\"Sunday\",\"Monday\",\"Tuesday\",\"Wednesday\",\"Thursday\",\"Friday\",\"Saturday\"],\"weekdaysMin\":[\"Su\",\"Mo\",\"Tu\",\"We\",\"Th\",\"Fr\",\"Sa\"],\"weekdaysShort\":[\"Sun\",\"Mon\",\"Tue\",\"Wed\",\"Thu\",\"Fri\",\"Sat\"]},\"_dayOfMonthOrdinalParse\":{},\"_dayOfMonthOrdinalParseLenient\":{},\"_invalidDate\":\"Invalid date\",\"_longDateFormat\":{\"L\":\"MM/DD/YYYY\",\"LL\":\"MMMM D, YYYY\",\"LLL\":\"MMMM D, YYYY h:mm A\",\"LLLL\":\"dddd, MMMM D, YYYY h:mm A\",\"LT\":\"h:mm A\",\"LTS\":\"h:mm:ss A\"},\"_meridiemParse\":{},\"_months\":[\"January\",\"February\",\"March\",\"April\",\"May\",\"June\",\"July\",\"August\",\"September\",\"October\",\"November\",\"December\"],\"_monthsShort\":[\"Jan\",\"Feb\",\"Mar\",\"Apr\",\"May\",\"Jun\",\"Jul\",\"Aug\",\"Sep\",\"Oct\",\"Nov\",\"Dec\"],\"_relativeTime\":{\"M\":\"a month\",\"MM\":\"%d months\",\"d\":\"a day\",\"dd\":\"%d days\",\"future\":\"in %s\",\"h\":\"an hour\",\"hh\":\"%d hours\",\"m\":\"a minute\",\"mm\":\"%d minutes\",\"past\":\"%s ago\",\"s\":\"a few seconds\",\"ss\":\"%d seconds\",\"y\":\"a year\",\"yy\":\"%d years\"},\"_week\":{\"dow\":0,\"doy\":6},\"_weekdays\":[\"Sunday\",\"Monday\",\"Tuesday\",\"Wednesday\",\"Thursday\",\"Friday\",\"Saturday\"],\"_weekdaysMin\":[\"Su\",\"Mo\",\"Tu\",\"We\",\"Th\",\"Fr\",\"Sa\"],\"_weekdaysShort\":[\"Sun\",\"Mon\",\"Tue\",\"Wed\",\"Thu\",\"Fri\",\"Sat\"]}},\"_pf\":{\"charsLeftOver\":0,\"empty\":false,\"invalidFormat\":false,\"invalidMonth\":null,\"iso\":false,\"meridiem\":null,\"nullInput\":false,\"overflow\":-2,\"parsedDateParts\":[],\"rfc2822\":false,\"unusedInput\":[],\"unusedTokens\":[],\"userInvalidated\":false,\"weekdayMismatch\":false},\"_z\":null},\"min\":{\"_a\":[2019,1,12,23,52,25,737],\"_d\":\"2019-02-12T23:52:25.737Z\",\"_f\":\"YYYY-MM-DDTHH:mm:ss.SSSSZ\",\"_i\":\"2019-02-12T23:52:25.737Z\",\"_isAMomentObject\":true,\"_isUTC\":false,\"_isValid\":true,\"_locale\":{\"_abbr\":\"en\",\"_calendar\":{\"lastDay\":\"[Yesterday at] LT\",\"lastWeek\":\"[Last] dddd [at] LT\",\"nextDay\":\"[Tomorrow at] LT\",\"nextWeek\":\"dddd [at] LT\",\"sameDay\":\"[Today at] LT\",\"sameElse\":\"L\"},\"_config\":{\"abbr\":\"en\",\"calendar\":{\"lastDay\":\"[Yesterday at] LT\",\"lastWeek\":\"[Last] dddd [at] LT\",\"nextDay\":\"[Tomorrow at] LT\",\"nextWeek\":\"dddd [at] LT\",\"sameDay\":\"[Today at] LT\",\"sameElse\":\"L\"},\"dayOfMonthOrdinalParse\":{},\"invalidDate\":\"Invalid date\",\"longDateFormat\":{\"L\":\"MM/DD/YYYY\",\"LL\":\"MMMM D, YYYY\",\"LLL\":\"MMMM D, YYYY h:mm A\",\"LLLL\":\"dddd, MMMM D, YYYY h:mm A\",\"LT\":\"h:mm A\",\"LTS\":\"h:mm:ss A\",\"lll\":\"MMM D, YYYY h:mm A\"},\"meridiemParse\":{},\"months\":[\"January\",\"February\",\"March\",\"April\",\"May\",\"June\",\"July\",\"August\",\"September\",\"October\",\"November\",\"December\"],\"monthsShort\":[\"Jan\",\"Feb\",\"Mar\",\"Apr\",\"May\",\"Jun\",\"Jul\",\"Aug\",\"Sep\",\"Oct\",\"Nov\",\"Dec\"],\"relativeTime\":{\"M\":\"a month\",\"MM\":\"%d months\",\"d\":\"a day\",\"dd\":\"%d days\",\"future\":\"in %s\",\"h\":\"an hour\",\"hh\":\"%d hours\",\"m\":\"a minute\",\"mm\":\"%d minutes\",\"past\":\"%s ago\",\"s\":\"a few seconds\",\"ss\":\"%d seconds\",\"y\":\"a year\",\"yy\":\"%d years\"},\"week\":{\"dow\":0,\"doy\":6},\"weekdays\":[\"Sunday\",\"Monday\",\"Tuesday\",\"Wednesday\",\"Thursday\",\"Friday\",\"Saturday\"],\"weekdaysMin\":[\"Su\",\"Mo\",\"Tu\",\"We\",\"Th\",\"Fr\",\"Sa\"],\"weekdaysShort\":[\"Sun\",\"Mon\",\"Tue\",\"Wed\",\"Thu\",\"Fri\",\"Sat\"]},\"_dayOfMonthOrdinalParse\":{},\"_dayOfMonthOrdinalParseLenient\":{},\"_invalidDate\":\"Invalid date\",\"_longDateFormat\":{\"L\":\"MM/DD/YYYY\",\"LL\":\"MMMM D, YYYY\",\"LLL\":\"MMMM D, YYYY h:mm A\",\"LLLL\":\"dddd, MMMM D, YYYY h:mm A\",\"LT\":\"h:mm A\",\"LTS\":\"h:mm:ss A\",\"lll\":\"MMM D, YYYY h:mm A\"},\"_meridiemParse\":{},\"_months\":[\"January\",\"February\",\"March\",\"April\",\"May\",\"June\",\"July\",\"August\",\"September\",\"October\",\"November\",\"December\"],\"_monthsShort\":[\"Jan\",\"Feb\",\"Mar\",\"Apr\",\"May\",\"Jun\",\"Jul\",\"Aug\",\"Sep\",\"Oct\",\"Nov\",\"Dec\"],\"_relativeTime\":{\"M\":\"a month\",\"MM\":\"%d months\",\"d\":\"a day\",\"dd\":\"%d days\",\"future\":\"in %s\",\"h\":\"an hour\",\"hh\":\"%d hours\",\"m\":\"a minute\",\"mm\":\"%d minutes\",\"past\":\"%s ago\",\"s\":\"a few seconds\",\"ss\":\"%d seconds\",\"y\":\"a year\",\"yy\":\"%d years\"},\"_week\":{\"dow\":0,\"doy\":6},\"_weekdays\":[\"Sunday\",\"Monday\",\"Tuesday\",\"Wednesday\",\"Thursday\",\"Friday\",\"Saturday\"],\"_weekdaysMin\":[\"Su\",\"Mo\",\"Tu\",\"We\",\"Th\",\"Fr\",\"Sa\"],\"_weekdaysShort\":[\"Sun\",\"Mon\",\"Tue\",\"Wed\",\"Thu\",\"Fri\",\"Sat\"],\"parentLocale\":{\"_abbr\":\"en\",\"_calendar\":{\"lastDay\":\"[Yesterday at] LT\",\"lastWeek\":\"[Last] dddd [at] LT\",\"nextDay\":\"[Tomorrow at] LT\",\"nextWeek\":\"dddd [at] LT\",\"sameDay\":\"[Today at] LT\",\"sameElse\":\"L\"},\"_config\":{\"abbr\":\"en\",\"calendar\":{\"lastDay\":\"[Yesterday at] LT\",\"lastWeek\":\"[Last] dddd [at] LT\",\"nextDay\":\"[Tomorrow at] LT\",\"nextWeek\":\"dddd [at] LT\",\"sameDay\":\"[Today at] LT\",\"sameElse\":\"L\"},\"dayOfMonthOrdinalParse\":{},\"invalidDate\":\"Invalid date\",\"longDateFormat\":{\"L\":\"MM/DD/YYYY\",\"LL\":\"MMMM D, YYYY\",\"LLL\":\"MMMM D, YYYY h:mm A\",\"LLLL\":\"dddd, MMMM D, YYYY h:mm A\",\"LT\":\"h:mm A\",\"LTS\":\"h:mm:ss A\"},\"meridiemParse\":{},\"months\":[\"January\",\"February\",\"March\",\"April\",\"May\",\"June\",\"July\",\"August\",\"September\",\"October\",\"November\",\"December\"],\"monthsShort\":[\"Jan\",\"Feb\",\"Mar\",\"Apr\",\"May\",\"Jun\",\"Jul\",\"Aug\",\"Sep\",\"Oct\",\"Nov\",\"Dec\"],\"relativeTime\":{\"M\":\"a month\",\"MM\":\"%d months\",\"d\":\"a day\",\"dd\":\"%d days\",\"future\":\"in %s\",\"h\":\"an hour\",\"hh\":\"%d hours\",\"m\":\"a minute\",\"mm\":\"%d minutes\",\"past\":\"%s ago\",\"s\":\"a few seconds\",\"ss\":\"%d seconds\",\"y\":\"a year\",\"yy\":\"%d years\"},\"week\":{\"dow\":0,\"doy\":6},\"weekdays\":[\"Sunday\",\"Monday\",\"Tuesday\",\"Wednesday\",\"Thursday\",\"Friday\",\"Saturday\"],\"weekdaysMin\":[\"Su\",\"Mo\",\"Tu\",\"We\",\"Th\",\"Fr\",\"Sa\"],\"weekdaysShort\":[\"Sun\",\"Mon\",\"Tue\",\"Wed\",\"Thu\",\"Fri\",\"Sat\"]},\"_dayOfMonthOrdinalParse\":{},\"_dayOfMonthOrdinalParseLenient\":{},\"_invalidDate\":\"Invalid date\",\"_longDateFormat\":{\"L\":\"MM/DD/YYYY\",\"LL\":\"MMMM D, YYYY\",\"LLL\":\"MMMM D, YYYY h:mm A\",\"LLLL\":\"dddd, MMMM D, YYYY h:mm A\",\"LT\":\"h:mm A\",\"LTS\":\"h:mm:ss A\"},\"_meridiemParse\":{},\"_months\":[\"January\",\"February\",\"March\",\"April\",\"May\",\"June\",\"July\",\"August\",\"September\",\"October\",\"November\",\"December\"],\"_monthsShort\":[\"Jan\",\"Feb\",\"Mar\",\"Apr\",\"May\",\"Jun\",\"Jul\",\"Aug\",\"Sep\",\"Oct\",\"Nov\",\"Dec\"],\"_relativeTime\":{\"M\":\"a month\",\"MM\":\"%d months\",\"d\":\"a day\",\"dd\":\"%d days\",\"future\":\"in %s\",\"h\":\"an hour\",\"hh\":\"%d hours\",\"m\":\"a minute\",\"mm\":\"%d minutes\",\"past\":\"%s ago\",\"s\":\"a few seconds\",\"ss\":\"%d seconds\",\"y\":\"a year\",\"yy\":\"%d years\"},\"_week\":{\"dow\":0,\"doy\":6},\"_weekdays\":[\"Sunday\",\"Monday\",\"Tuesday\",\"Wednesday\",\"Thursday\",\"Friday\",\"Saturday\"],\"_weekdaysMin\":[\"Su\",\"Mo\",\"Tu\",\"We\",\"Th\",\"Fr\",\"Sa\"],\"_weekdaysShort\":[\"Sun\",\"Mon\",\"Tue\",\"Wed\",\"Thu\",\"Fri\",\"Sat\"]}},\"_pf\":{\"charsLeftOver\":0,\"empty\":false,\"invalidFormat\":false,\"invalidMonth\":null,\"iso\":true,\"nullInput\":false,\"overflow\":-1,\"parsedDateParts\":[2019,1,12,23,52,25,737],\"rfc2822\":false,\"unusedInput\":[],\"unusedTokens\":[],\"userInvalidated\":false,\"weekdayMismatch\":false},\"_tzm\":0,\"_z\":null}},\"date\":true,\"format\":\"YYYY-MM-DD HH:mm\",\"interval\":10800000}},\"y\":[{\"accessor\":2,\"aggType\":\"count\",\"format\":{\"id\":\"number\"},\"params\":{}}]},\"grid\":{\"categoryLines\":false,\"style\":{\"color\":\"#eee\"}},\"legendPosition\":\"right\",\"seriesParams\":[{\"data\":{\"id\":\"1\",\"label\":\"Count\"},\"drawLinesBetweenPoints\":true,\"interpolate\":\"cardinal\",\"mode\":\"stacked\",\"show\":\"true\",\"showCircles\":true,\"type\":\"area\",\"valueAxis\":\"ValueAxis-1\"}],\"times\":[],\"type\":\"area\",\"valueAxes\":[{\"id\":\"ValueAxis-1\",\"labels\":{\"filter\":false,\"rotate\":0,\"show\":true,\"truncate\":100},\"name\":\"LeftAxis-1\",\"position\":\"left\",\"scale\":{\"mode\":\"percentage\",\"type\":\"linear\"},\"show\":true,\"style\":{},\"title\":{\"text\":\"Count\"},\"type\":\"value\"}]},\"title\":\"[Shell] Area - Top 10 IPs by Percentage\",\"type\":\"area\"}",
      "uiStateJSON": "{}",
      "description": "",
      "version": 1,
      "kibanaSavedObjectMeta": {
        "searchSourceJSON": "{\"query\":{\"query\":\"\",\"language\":\"lucene\"},\"filter\":[],\"indexRefName\":\"kibanaSavedObjectMeta.searchSourceJSON.index\"}"
      }
    },
    "_migrationVersion": {
      "visualization": "7.0.0"
    },
    "_references": [
      {
        "name": "kibanaSavedObjectMeta.searchSourceJSON.index",
        "type": "index-pattern",
        "id": "4be97470-3372-11e9-997e-839d37c3a8b5"
      }
    ]
  }
]